LEN,ROLL,ONE?,CONS,X,14,,TRIAL,0,#DIV/0!
1,2,FALSE,FALSE,1001,,,,,
2,2,FALSE,FALSE,1001,,,,,
3,1,TRUE,FALSE,1001,,,,,
4,4,FALSE,FALSE,1001,,,,,
5,1,TRUE,FALSE,1001,,,,,
6,3,FALSE,FALSE,1001,,,,,
7,6,FALSE,FALSE,1001,,,,,
8,2,FALSE,FALSE,1001,,,,,
9,4,FALSE,FALSE,1001,,,,,
10,2,FALSE,FALSE,1001,,,,,
11,1,TRUE,FALSE,1001,,,,,
12,4,FALSE,FALSE,1001,,,,,
13,1,TRUE,FALSE,1001,,,,,
14,1,TRUE,TRUE,14,,,,,
15,4,FALSE,FALSE,1001,,,,,
16,6,FALSE,FALSE,1001,,,,,
17,4,FALSE,FALSE,1001,,,,,
18,5,FALSE,FALSE,1001,,,,,
19,1,TRUE,FALSE,1001,,,,,
20,6,FALSE,FALSE,1001,,,,,
21,2,FALSE,FALSE,1001,,,,,
22,6,FALSE,FALSE,1001,,,,,
23,2,FALSE,FALSE,1001,,,,,
24,5,FALSE,FALSE,1001,,,,,
25,6,FALSE,FALSE,1001,,,,,
26,5,FALSE,FALSE,1001,,,,,
27,3,FALSE,FALSE,1001,,,,,
28,4,FALSE,FALSE,1001,,,,,
29,6,FALSE,FALSE,1001,,,,,
30,4,FALSE,FALSE,1001,,,,,
31,4,FALSE,FALSE,1001,,,,,
32,2,FALSE,FALSE,1001,,,,,
33,4,FALSE,FALSE,1001,,,,,
34,3,FALSE,FALSE,1001,,,,,
35,6,FALSE,FALSE,1001,,,,,
36,3,FALSE,FALSE,1001,,,,,
37,3,FALSE,FALSE,1001,,,,,
38,5,FALSE,FALSE,1001,,,,,
39,1,TRUE,FALSE,1001,,,,,
40,2,FALSE,FALSE,1001,,,,,
41,1,TRUE,FALSE,1001,,,,,
42,1,TRUE,TRUE,42,,,,,
43,4,FALSE,FALSE,1001,,,,,
44,4,FALSE,FALSE,1001,,,,,
45,4,FALSE,FALSE,1001,,,,,
46,3,FALSE,FALSE,1001,,,,,
47,1,TRUE,FALSE,1001,,,,,
48,4,FALSE,FALSE,1001,,,,,
49,1,TRUE,FALSE,1001,,,,,
50,1,TRUE,TRUE,50,,,,,
51,4,FALSE,FALSE,1001,,,,,
52,5,FALSE,FALSE,1001,,,,,
53,2,FALSE,FALSE,1001,,,,,
54,1,TRUE,FALSE,1001,,,,,
55,1,TRUE,TRUE,55,,,,,
56,5,FALSE,FALSE,1001,,,,,
57,5,FALSE,FALSE,1001,,,,,
58,3,FALSE,FALSE,1001,,,,,
59,3,FALSE,FALSE,1001,,,,,
60,4,FALSE,FALSE,1001,,,,,
61,6,FALSE,FALSE,1001,,,,,
62,2,FALSE,FALSE,1001,,,,,
63,6,FALSE,FALSE,1001,,,,,
64,5,FALSE,FALSE,1001,,,,,
65,5,FALSE,FALSE,1001,,,,,
66,5,FALSE,FALSE,1001,,,,,
67,2,FALSE,FALSE,1001,,,,,
68,5,FALSE,FALSE,1001,,,,,
69,1,TRUE,FALSE,1001,,,,,
70,6,FALSE,FALSE,1001,,,,,
71,3,FALSE,FALSE,1001,,,,,
72,5,FALSE,FALSE,1001,,,,,
73,6,FALSE,FALSE,1001,,,,,
74,5,FALSE,FALSE,1001,,,,,
75,1,TRUE,FALSE,1001,,,,,
76,1,TRUE,TRUE,76,,,,,
77,4,FALSE,FALSE,1001,,,,,
78,3,FALSE,FALSE,1001,,,,,
79,6,FALSE,FALSE,1001,,,,,
80,4,FALSE,FALSE,1001,,,,,
81,3,FALSE,FALSE,1001,,,,,
82,5,FALSE,FALSE,1001,,,,,
83,3,FALSE,FALSE,1001,,,,,
84,5,FALSE,FALSE,1001,,,,,
85,1,TRUE,FALSE,1001,,,,,
86,1,TRUE,TRUE,86,,,,,
87,3,FALSE,FALSE,1001,,,,,
88,4,FALSE,FALSE,1001,,,,,
89,4,FALSE,FALSE,1001,,,,,
90,2,FALSE,FALSE,1001,,,,,
91,5,FALSE,FALSE,1001,,,,,
92,1,TRUE,FALSE,1001,,,,,
93,5,FALSE,FALSE,1001,,,,,
94,2,FALSE,FALSE,1001,,,,,
95,6,FALSE,FALSE,1001,,,,,
96,2,FALSE,FALSE,1001,,,,,
97,5,FALSE,FALSE,1001,,,,,
98,5,FALSE,FALSE,1001,,,,,
99,3,FALSE,FALSE,1001,,,,,
100,2,FALSE,FALSE,1001,,,,,
101,5,FALSE,FALSE,1001,,,,,
102,5,FALSE,FALSE,1001,,,,,
103,6,FALSE,FALSE,1001,,,,,
104,1,TRUE,FALSE,1001,,,,,
105,6,FALSE,FALSE,1001,,,,,
106,2,FALSE,FALSE,1001,,,,,
107,5,FALSE,FALSE,1001,,,,,
108,5,FALSE,FALSE,1001,,,,,
109,3,FALSE,FALSE,1001,,,,,
110,4,FALSE,FALSE,1001,,,,,
111,6,FALSE,FALSE,1001,,,,,
112,3,FALSE,FALSE,1001,,,,,
113,6,FALSE,FALSE,1001,,,,,
114,2,FALSE,FALSE,1001,,,,,
115,4,FALSE,FALSE,1001,,,,,
116,3,FALSE,FALSE,1001,,,,,
117,4,FALSE,FALSE,1001,,,,,
118,6,FALSE,FALSE,1001,,,,,
119,2,FALSE,FALSE,1001,,,,,
120,3,FALSE,FALSE,1001,,,,,
121,2,FALSE,FALSE,1001,,,,,
122,2,FALSE,FALSE,1001,,,,,
123,6,FALSE,FALSE,1001,,,,,
124,5,FALSE,FALSE,1001,,,,,
125,1,TRUE,FALSE,1001,,,,,
126,1,TRUE,TRUE,126,,,,,
127,4,FALSE,FALSE,1001,,,,,
128,4,FALSE,FALSE,1001,,,,,
129,4,FALSE,FALSE,1001,,,,,
130,6,FALSE,FALSE,1001,,,,,
131,2,FALSE,FALSE,1001,,,,,
132,3,FALSE,FALSE,1001,,,,,
133,4,FALSE,FALSE,1001,,,,,
134,6,FALSE,FALSE,1001,,,,,
135,5,FALSE,FALSE,1001,,,,,
136,1,TRUE,FALSE,1001,,,,,
137,6,FALSE,FALSE,1001,,,,,
138,2,FALSE,FALSE,1001,,,,,
139,5,FALSE,FALSE,1001,,,,,
140,1,TRUE,FALSE,1001,,,,,
141,2,FALSE,FALSE,1001,,,,,
142,1,TRUE,FALSE,1001,,,,,
143,3,FALSE,FALSE,1001,,,,,
144,6,FALSE,FALSE,1001,,,,,
145,2,FALSE,FALSE,1001,,,,,
146,1,TRUE,FALSE,1001,,,,,
147,4,FALSE,FALSE,1001,,,,,
148,1,TRUE,FALSE,1001,,,,,
149,6,FALSE,FALSE,1001,,,,,
150,3,FALSE,FALSE,1001,,,,,
151,4,FALSE,FALSE,1001,,,,,
152,2,FALSE,FALSE,1001,,,,,
153,4,FALSE,FALSE,1001,,,,,
154,5,FALSE,FALSE,1001,,,,,
155,5,FALSE,FALSE,1001,,,,,
156,5,FALSE,FALSE,1001,,,,,
157,5,FALSE,FALSE,1001,,,,,
158,4,FALSE,FALSE,1001,,,,,
159,3,FALSE,FALSE,1001,,,,,
160,5,FALSE,FALSE,1001,,,,,
161,5,FALSE,FALSE,1001,,,,,
162,5,FALSE,FALSE,1001,,,,,
163,4,FALSE,FALSE,1001,,,,,
164,6,FALSE,FALSE,1001,,,,,
165,2,FALSE,FALSE,1001,,,,,
166,5,FALSE,FALSE,1001,,,,,
167,2,FALSE,FALSE,1001,,,,,
168,6,FALSE,FALSE,1001,,,,,
169,5,FALSE,FALSE,1001,,,,,
170,6,FALSE,FALSE,1001,,,,,
171,3,FALSE,FALSE,1001,,,,,
172,5,FALSE,FALSE,1001,,,,,
173,3,FALSE,FALSE,1001,,,,,
174,1,TRUE,FALSE,1001,,,,,
175,3,FALSE,FALSE,1001,,,,,
176,1,TRUE,FALSE,1001,,,,,
177,5,FALSE,FALSE,1001,,,,,
178,2,FALSE,FALSE,1001,,,,,
179,5,FALSE,FALSE,1001,,,,,
180,4,FALSE,FALSE,1001,,,,,
181,4,FALSE,FALSE,1001,,,,,
182,2,FALSE,FALSE,1001,,,,,
183,2,FALSE,FALSE,1001,,,,,
184,2,FALSE,FALSE,1001,,,,,
185,5,FALSE,FALSE,1001,,,,,
186,5,FALSE,FALSE,1001,,,,,
187,6,FALSE,FALSE,1001,,,,,
188,5,FALSE,FALSE,1001,,,,,
189,4,FALSE,FALSE,1001,,,,,
190,3,FALSE,FALSE,1001,,,,,
191,3,FALSE,FALSE,1001,,,,,
192,3,FALSE,FALSE,1001,,,,,
193,6,FALSE,FALSE,1001,,,,,
194,4,FALSE,FALSE,1001,,,,,
195,6,FALSE,FALSE,1001,,,,,
196,4,FALSE,FALSE,1001,,,,,
197,6,FALSE,FALSE,1001,,,,,
198,5,FALSE,FALSE,1001,,,,,
199,1,TRUE,FALSE,1001,,,,,
200,4,FALSE,FALSE,1001,,,,,
201,3,FALSE,FALSE,1001,,,,,
202,5,FALSE,FALSE,1001,,,,,
203,6,FALSE,FALSE,1001,,,,,
204,4,FALSE,FALSE,1001,,,,,
205,1,TRUE,FALSE,1001,,,,,
206,1,TRUE,TRUE,206,,,,,
207,1,TRUE,TRUE,207,,,,,
208,6,FALSE,FALSE,1001,,,,,
209,3,FALSE,FALSE,1001,,,,,
210,4,FALSE,FALSE,1001,,,,,
211,6,FALSE,FALSE,1001,,,,,
212,1,TRUE,FALSE,1001,,,,,
213,2,FALSE,FALSE,1001,,,,,
214,6,FALSE,FALSE,1001,,,,,
215,6,FALSE,FALSE,1001,,,,,
216,3,FALSE,FALSE,1001,,,,,
217,4,FALSE,FALSE,1001,,,,,
218,6,FALSE,FALSE,1001,,,,,
219,5,FALSE,FALSE,1001,,,,,
220,6,FALSE,FALSE,1001,,,,,
221,6,FALSE,FALSE,1001,,,,,
222,2,FALSE,FALSE,1001,,,,,
223,6,FALSE,FALSE,1001,,,,,
224,6,FALSE,FALSE,1001,,,,,
225,5,FALSE,FALSE,1001,,,,,
226,1,TRUE,FALSE,1001,,,,,
227,1,TRUE,TRUE,227,,,,,
228,4,FALSE,FALSE,1001,,,,,
229,3,FALSE,FALSE,1001,,,,,
230,3,FALSE,FALSE,1001,,,,,
231,1,TRUE,FALSE,1001,,,,,
232,4,FALSE,FALSE,1001,,,,,
233,5,FALSE,FALSE,1001,,,,,
234,3,FALSE,FALSE,1001,,,,,
235,2,FALSE,FALSE,1001,,,,,
236,4,FALSE,FALSE,1001,,,,,
237,4,FALSE,FALSE,1001,,,,,
238,4,FALSE,FALSE,1001,,,,,
239,6,FALSE,FALSE,1001,,,,,
240,2,FALSE,FALSE,1001,,,,,
241,4,FALSE,FALSE,1001,,,,,
242,1,TRUE,FALSE,1001,,,,,
243,4,FALSE,FALSE,1001,,,,,
244,6,FALSE,FALSE,1001,,,,,
245,2,FALSE,FALSE,1001,,,,,
246,5,FALSE,FALSE,1001,,,,,
247,1,TRUE,FALSE,1001,,,,,
248,4,FALSE,FALSE,1001,,,,,
249,5,FALSE,FALSE,1001,,,,,
250,2,FALSE,FALSE,1001,,,,,
251,6,FALSE,FALSE,1001,,,,,
252,5,FALSE,FALSE,1001,,,,,
253,1,TRUE,FALSE,1001,,,,,
254,5,FALSE,FALSE,1001,,,,,
255,5,FALSE,FALSE,1001,,,,,
256,2,FALSE,FALSE,1001,,,,,
257,2,FALSE,FALSE,1001,,,,,
258,1,TRUE,FALSE,1001,,,,,
259,6,FALSE,FALSE,1001,,,,,
260,4,FALSE,FALSE,1001,,,,,
261,6,FALSE,FALSE,1001,,,,,
262,2,FALSE,FALSE,1001,,,,,
263,1,TRUE,FALSE,1001,,,,,
264,1,TRUE,TRUE,264,,,,,
265,4,FALSE,FALSE,1001,,,,,
266,6,FALSE,FALSE,1001,,,,,
267,2,FALSE,FALSE,1001,,,,,
268,3,FALSE,FALSE,1001,,,,,
269,1,TRUE,FALSE,1001,,,,,
270,4,FALSE,FALSE,1001,,,,,
271,1,TRUE,FALSE,1001,,,,,
272,2,FALSE,FALSE,1001,,,,,
273,3,FALSE,FALSE,1001,,,,,
274,1,TRUE,FALSE,1001,,,,,
275,6,FALSE,FALSE,1001,,,,,
276,4,FALSE,FALSE,1001,,,,,
277,1,TRUE,FALSE,1001,,,,,
278,1,TRUE,TRUE,278,,,,,
279,4,FALSE,FALSE,1001,,,,,
280,2,FALSE,FALSE,1001,,,,,
281,1,TRUE,FALSE,1001,,,,,
282,1,TRUE,TRUE,282,,,,,
283,4,FALSE,FALSE,1001,,,,,
284,5,FALSE,FALSE,1001,,,,,
285,2,FALSE,FALSE,1001,,,,,
286,5,FALSE,FALSE,1001,,,,,
287,4,FALSE,FALSE,1001,,,,,
288,3,FALSE,FALSE,1001,,,,,
289,3,FALSE,FALSE,1001,,,,,
290,1,TRUE,FALSE,1001,,,,,
291,4,FALSE,FALSE,1001,,,,,
292,2,FALSE,FALSE,1001,,,,,
293,1,TRUE,FALSE,1001,,,,,
294,1,TRUE,TRUE,294,,,,,
295,6,FALSE,FALSE,1001,,,,,
296,5,FALSE,FALSE,1001,,,,,
297,3,FALSE,FALSE,1001,,,,,
298,3,FALSE,FALSE,1001,,,,,
299,6,FALSE,FALSE,1001,,,,,
300,2,FALSE,FALSE,1001,,,,,
301,5,FALSE,FALSE,1001,,,,,
302,5,FALSE,FALSE,1001,,,,,
303,1,TRUE,FALSE,1001,,,,,
304,1,TRUE,TRUE,304,,,,,
305,3,FALSE,FALSE,1001,,,,,
306,1,TRUE,FALSE,1001,,,,,
307,1,TRUE,TRUE,307,,,,,
308,5,FALSE,FALSE,1001,,,,,
309,3,FALSE,FALSE,1001,,,,,
310,6,FALSE,FALSE,1001,,,,,
311,5,FALSE,FALSE,1001,,,,,
312,2,FALSE,FALSE,1001,,,,,
313,5,FALSE,FALSE,1001,,,,,
314,2,FALSE,FALSE,1001,,,,,
315,5,FALSE,FALSE,1001,,,,,
316,3,FALSE,FALSE,1001,,,,,
317,3,FALSE,FALSE,1001,,,,,
318,3,FALSE,FALSE,1001,,,,,
319,6,FALSE,FALSE,1001,,,,,
320,6,FALSE,FALSE,1001,,,,,
321,6,FALSE,FALSE,1001,,,,,
322,6,FALSE,FALSE,1001,,,,,
323,5,FALSE,FALSE,1001,,,,,
324,6,FALSE,FALSE,1001,,,,,
325,1,TRUE,FALSE,1001,,,,,
326,5,FALSE,FALSE,1001,,,,,
327,4,FALSE,FALSE,1001,,,,,
328,1,TRUE,FALSE,1001,,,,,
329,6,FALSE,FALSE,1001,,,,,
330,1,TRUE,FALSE,1001,,,,,
331,2,FALSE,FALSE,1001,,,,,
332,1,TRUE,FALSE,1001,,,,,
333,1,TRUE,TRUE,333,,,,,
334,3,FALSE,FALSE,1001,,,,,
335,3,FALSE,FALSE,1001,,,,,
336,4,FALSE,FALSE,1001,,,,,
337,6,FALSE,FALSE,1001,,,,,
338,5,FALSE,FALSE,1001,,,,,
339,5,FALSE,FALSE,1001,,,,,
340,6,FALSE,FALSE,1001,,,,,
341,5,FALSE,FALSE,1001,,,,,
342,1,TRUE,FALSE,1001,,,,,
343,2,FALSE,FALSE,1001,,,,,
344,2,FALSE,FALSE,1001,,,,,
345,2,FALSE,FALSE,1001,,,,,
346,1,TRUE,FALSE,1001,,,,,
347,1,TRUE,TRUE,347,,,,,
348,6,FALSE,FALSE,1001,,,,,
349,4,FALSE,FALSE,1001,,,,,
350,5,FALSE,FALSE,1001,,,,,
351,1,TRUE,FALSE,1001,,,,,
352,3,FALSE,FALSE,1001,,,,,
353,4,FALSE,FALSE,1001,,,,,
354,5,FALSE,FALSE,1001,,,,,
355,2,FALSE,FALSE,1001,,,,,
356,3,FALSE,FALSE,1001,,,,,
357,3,FALSE,FALSE,1001,,,,,
358,6,FALSE,FALSE,1001,,,,,
359,4,FALSE,FALSE,1001,,,,,
360,6,FALSE,FALSE,1001,,,,,
361,1,TRUE,FALSE,1001,,,,,
362,2,FALSE,FALSE,1001,,,,,
363,5,FALSE,FALSE,1001,,,,,
364,4,FALSE,FALSE,1001,,,,,
365,2,FALSE,FALSE,1001,,,,,
366,5,FALSE,FALSE,1001,,,,,
367,5,FALSE,FALSE,1001,,,,,
368,2,FALSE,FALSE,1001,,,,,
369,3,FALSE,FALSE,1001,,,,,
370,1,TRUE,FALSE,1001,,,,,
371,3,FALSE,FALSE,1001,,,,,
372,6,FALSE,FALSE,1001,,,,,
373,3,FALSE,FALSE,1001,,,,,
374,4,FALSE,FALSE,1001,,,,,
375,4,FALSE,FALSE,1001,,,,,
376,1,TRUE,FALSE,1001,,,,,
377,1,TRUE,TRUE,377,,,,,
378,1,TRUE,TRUE,378,,,,,
379,5,FALSE,FALSE,1001,,,,,
380,1,TRUE,FALSE,1001,,,,,
381,3,FALSE,FALSE,1001,,,,,
382,4,FALSE,FALSE,1001,,,,,
383,4,FALSE,FALSE,1001,,,,,
384,3,FALSE,FALSE,1001,,,,,
385,4,FALSE,FALSE,1001,,,,,
386,3,FALSE,FALSE,1001,,,,,
387,2,FALSE,FALSE,1001,,,,,
388,6,FALSE,FALSE,1001,,,,,
389,6,FALSE,FALSE,1001,,,,,
390,1,TRUE,FALSE,1001,,,,,
391,3,FALSE,FALSE,1001,,,,,
392,2,FALSE,FALSE,1001,,,,,
393,1,TRUE,FALSE,1001,,,,,
394,5,FALSE,FALSE,1001,,,,,
395,6,FALSE,FALSE,1001,,,,,
396,3,FALSE,FALSE,1001,,,,,
397,2,FALSE,FALSE,1001,,,,,
398,3,FALSE,FALSE,1001,,,,,
399,4,FALSE,FALSE,1001,,,,,
400,4,FALSE,FALSE,1001,,,,,
401,1,TRUE,FALSE,1001,,,,,
402,1,TRUE,TRUE,402,,,,,
403,1,TRUE,TRUE,403,,,,,
404,2,FALSE,FALSE,1001,,,,,
405,2,FALSE,FALSE,1001,,,,,
406,6,FALSE,FALSE,1001,,,,,
407,5,FALSE,FALSE,1001,,,,,
408,3,FALSE,FALSE,1001,,,,,
409,2,FALSE,FALSE,1001,,,,,
410,6,FALSE,FALSE,1001,,,,,
411,6,FALSE,FALSE,1001,,,,,
412,6,FALSE,FALSE,1001,,,,,
413,5,FALSE,FALSE,1001,,,,,
414,1,TRUE,FALSE,1001,,,,,
415,4,FALSE,FALSE,1001,,,,,
416,1,TRUE,FALSE,1001,,,,,
417,1,TRUE,TRUE,417,,,,,
418,6,FALSE,FALSE,1001,,,,,
419,1,TRUE,FALSE,1001,,,,,
420,5,FALSE,FALSE,1001,,,,,
421,5,FALSE,FALSE,1001,,,,,
422,2,FALSE,FALSE,1001,,,,,
423,1,TRUE,FALSE,1001,,,,,
424,3,FALSE,FALSE,1001,,,,,
425,5,FALSE,FALSE,1001,,,,,
426,6,FALSE,FALSE,1001,,,,,
427,5,FALSE,FALSE,1001,,,,,
428,5,FALSE,FALSE,1001,,,,,
429,2,FALSE,FALSE,1001,,,,,
430,1,TRUE,FALSE,1001,,,,,
431,2,FALSE,FALSE,1001,,,,,
432,3,FALSE,FALSE,1001,,,,,
433,6,FALSE,FALSE,1001,,,,,
434,6,FALSE,FALSE,1001,,,,,
435,6,FALSE,FALSE,1001,,,,,
436,6,FALSE,FALSE,1001,,,,,
437,1,TRUE,FALSE,1001,,,,,
438,3,FALSE,FALSE,1001,,,,,
439,4,FALSE,FALSE,1001,,,,,
440,3,FALSE,FALSE,1001,,,,,
441,2,FALSE,FALSE,1001,,,,,
442,3,FALSE,FALSE,1001,,,,,
443,3,FALSE,FALSE,1001,,,,,
444,1,TRUE,FALSE,1001,,,,,
445,6,FALSE,FALSE,1001,,,,,
446,4,FALSE,FALSE,1001,,,,,
447,6,FALSE,FALSE,1001,,,,,
448,4,FALSE,FALSE,1001,,,,,
449,4,FALSE,FALSE,1001,,,,,
450,1,TRUE,FALSE,1001,,,,,
451,1,TRUE,TRUE,451,,,,,
452,1,TRUE,TRUE,452,,,,,
453,4,FALSE,FALSE,1001,,,,,
454,2,FALSE,FALSE,1001,,,,,
455,5,FALSE,FALSE,1001,,,,,
456,2,FALSE,FALSE,1001,,,,,
457,6,FALSE,FALSE,1001,,,,,
458,2,FALSE,FALSE,1001,,,,,
459,4,FALSE,FALSE,1001,,,,,
460,2,FALSE,FALSE,1001,,,,,
461,5,FALSE,FALSE,1001,,,,,
462,3,FALSE,FALSE,1001,,,,,
463,1,TRUE,FALSE,1001,,,,,
464,5,FALSE,FALSE,1001,,,,,
465,5,FALSE,FALSE,1001,,,,,
466,4,FALSE,FALSE,1001,,,,,
467,2,FALSE,FALSE,1001,,,,,
468,1,TRUE,FALSE,1001,,,,,
469,1,TRUE,TRUE,469,,,,,
470,3,FALSE,FALSE,1001,,,,,
471,2,FALSE,FALSE,1001,,,,,
472,6,FALSE,FALSE,1001,,,,,
473,3,FALSE,FALSE,1001,,,,,
474,2,FALSE,FALSE,1001,,,,,
475,6,FALSE,FALSE,1001,,,,,
476,3,FALSE,FALSE,1001,,,,,
477,3,FALSE,FALSE,1001,,,,,
478,2,FALSE,FALSE,1001,,,,,
479,6,FALSE,FALSE,1001,,,,,
480,5,FALSE,FALSE,1001,,,,,
481,6,FALSE,FALSE,1001,,,,,
482,4,FALSE,FALSE,1001,,,,,
483,4,FALSE,FALSE,1001,,,,,
484,3,FALSE,FALSE,1001,,,,,
485,2,FALSE,FALSE,1001,,,,,
486,4,FALSE,FALSE,1001,,,,,
487,1,TRUE,FALSE,1001,,,,,
488,4,FALSE,FALSE,1001,,,,,
489,5,FALSE,FALSE,1001,,,,,
490,4,FALSE,FALSE,1001,,,,,
491,6,FALSE,FALSE,1001,,,,,
492,6,FALSE,FALSE,1001,,,,,
493,5,FALSE,FALSE,1001,,,,,
494,4,FALSE,FALSE,1001,,,,,
495,3,FALSE,FALSE,1001,,,,,
496,1,TRUE,FALSE,1001,,,,,
497,4,FALSE,FALSE,1001,,,,,
498,6,FALSE,FALSE,1001,,,,,
499,4,FALSE,FALSE,1001,,,,,
500,3,FALSE,FALSE,1001,,,,,
501,6,FALSE,FALSE,1001,,,,,
502,1,TRUE,FALSE,1001,,,,,
503,1,TRUE,TRUE,503,,,,,
504,6,FALSE,FALSE,1001,,,,,
505,4,FALSE,FALSE,1001,,,,,
506,4,FALSE,FALSE,1001,,,,,
507,5,FALSE,FALSE,1001,,,,,
508,4,FALSE,FALSE,1001,,,,,
509,3,FALSE,FALSE,1001,,,,,
510,5,FALSE,FALSE,1001,,,,,
511,4,FALSE,FALSE,1001,,,,,
512,5,FALSE,FALSE,1001,,,,,
513,1,TRUE,FALSE,1001,,,,,
514,6,FALSE,FALSE,1001,,,,,
515,5,FALSE,FALSE,1001,,,,,
516,1,TRUE,FALSE,1001,,,,,
517,5,FALSE,FALSE,1001,,,,,
518,1,TRUE,FALSE,1001,,,,,
519,6,FALSE,FALSE,1001,,,,,
520,1,TRUE,FALSE,1001,,,,,
521,4,FALSE,FALSE,1001,,,,,
522,5,FALSE,FALSE,1001,,,,,
523,2,FALSE,FALSE,1001,,,,,
524,5,FALSE,FALSE,1001,,,,,
525,5,FALSE,FALSE,1001,,,,,
526,4,FALSE,FALSE,1001,,,,,
527,6,FALSE,FALSE,1001,,,,,
528,5,FALSE,FALSE,1001,,,,,
529,3,FALSE,FALSE,1001,,,,,
530,2,FALSE,FALSE,1001,,,,,
531,2,FALSE,FALSE,1001,,,,,
532,2,FALSE,FALSE,1001,,,,,
533,3,FALSE,FALSE,1001,,,,,
534,1,TRUE,FALSE,1001,,,,,
535,6,FALSE,FALSE,1001,,,,,
536,1,TRUE,FALSE,1001,,,,,
537,3,FALSE,FALSE,1001,,,,,
538,5,FALSE,FALSE,1001,,,,,
539,6,FALSE,FALSE,1001,,,,,
540,1,TRUE,FALSE,1001,,,,,
541,4,FALSE,FALSE,1001,,,,,
542,1,TRUE,FALSE,1001,,,,,
543,5,FALSE,FALSE,1001,,,,,
544,6,FALSE,FALSE,1001,,,,,
545,1,TRUE,FALSE,1001,,,,,
546,2,FALSE,FALSE,1001,,,,,
547,5,FALSE,FALSE,1001,,,,,
548,2,FALSE,FALSE,1001,,,,,
549,1,TRUE,FALSE,1001,,,,,
550,2,FALSE,FALSE,1001,,,,,
551,5,FALSE,FALSE,1001,,,,,
552,5,FALSE,FALSE,1001,,,,,
553,3,FALSE,FALSE,1001,,,,,
554,5,FALSE,FALSE,1001,,,,,
555,2,FALSE,FALSE,1001,,,,,
556,2,FALSE,FALSE,1001,,,,,
557,4,FALSE,FALSE,1001,,,,,
558,5,FALSE,FALSE,1001,,,,,
559,3,FALSE,FALSE,1001,,,,,
560,3,FALSE,FALSE,1001,,,,,
561,3,FALSE,FALSE,1001,,,,,
562,5,FALSE,FALSE,1001,,,,,
563,2,FALSE,FALSE,1001,,,,,
564,6,FALSE,FALSE,1001,,,,,
565,2,FALSE,FALSE,1001,,,,,
566,1,TRUE,FALSE,1001,,,,,
567,1,TRUE,TRUE,567,,,,,
568,3,FALSE,FALSE,1001,,,,,
569,4,FALSE,FALSE,1001,,,,,
570,5,FALSE,FALSE,1001,,,,,
571,1,TRUE,FALSE,1001,,,,,
572,5,FALSE,FALSE,1001,,,,,
573,1,TRUE,FALSE,1001,,,,,
574,4,FALSE,FALSE,1001,,,,,
575,4,FALSE,FALSE,1001,,,,,
576,4,FALSE,FALSE,1001,,,,,
577,1,TRUE,FALSE,1001,,,,,
578,5,FALSE,FALSE,1001,,,,,
579,4,FALSE,FALSE,1001,,,,,
580,6,FALSE,FALSE,1001,,,,,
581,1,TRUE,FALSE,1001,,,,,
582,4,FALSE,FALSE,1001,,,,,
583,6,FALSE,FALSE,1001,,,,,
584,3,FALSE,FALSE,1001,,,,,
585,1,TRUE,FALSE,1001,,,,,
586,6,FALSE,FALSE,1001,,,,,
587,2,FALSE,FALSE,1001,,,,,
588,2,FALSE,FALSE,1001,,,,,
589,1,TRUE,FALSE,1001,,,,,
590,4,FALSE,FALSE,1001,,,,,
591,1,TRUE,FALSE,1001,,,,,
592,4,FALSE,FALSE,1001,,,,,
593,4,FALSE,FALSE,1001,,,,,
594,4,FALSE,FALSE,1001,,,,,
595,2,FALSE,FALSE,1001,,,,,
596,2,FALSE,FALSE,1001,,,,,
597,3,FALSE,FALSE,1001,,,,,
598,3,FALSE,FALSE,1001,,,,,
599,4,FALSE,FALSE,1001,,,,,
600,3,FALSE,FALSE,1001,,,,,
601,6,FALSE,FALSE,1001,,,,,
602,6,FALSE,FALSE,1001,,,,,
603,1,TRUE,FALSE,1001,,,,,
604,4,FALSE,FALSE,1001,,,,,
605,5,FALSE,FALSE,1001,,,,,
606,4,FALSE,FALSE,1001,,,,,
607,5,FALSE,FALSE,1001,,,,,
608,4,FALSE,FALSE,1001,,,,,
609,2,FALSE,FALSE,1001,,,,,
610,6,FALSE,FALSE,1001,,,,,
611,4,FALSE,FALSE,1001,,,,,
612,5,FALSE,FALSE,1001,,,,,
613,2,FALSE,FALSE,1001,,,,,
614,1,TRUE,FALSE,1001,,,,,
615,6,FALSE,FALSE,1001,,,,,
616,4,FALSE,FALSE,1001,,,,,
617,1,TRUE,FALSE,1001,,,,,
618,6,FALSE,FALSE,1001,,,,,
619,5,FALSE,FALSE,1001,,,,,
620,4,FALSE,FALSE,1001,,,,,
621,3,FALSE,FALSE,1001,,,,,
622,4,FALSE,FALSE,1001,,,,,
623,3,FALSE,FALSE,1001,,,,,
624,2,FALSE,FALSE,1001,,,,,
625,1,TRUE,FALSE,1001,,,,,
626,3,FALSE,FALSE,1001,,,,,
627,3,FALSE,FALSE,1001,,,,,
628,4,FALSE,FALSE,1001,,,,,
629,1,TRUE,FALSE,1001,,,,,
630,2,FALSE,FALSE,1001,,,,,
631,6,FALSE,FALSE,1001,,,,,
632,5,FALSE,FALSE,1001,,,,,
633,5,FALSE,FALSE,1001,,,,,
634,4,FALSE,FALSE,1001,,,,,
635,6,FALSE,FALSE,1001,,,,,
636,4,FALSE,FALSE,1001,,,,,
637,1,TRUE,FALSE,1001,,,,,
638,4,FALSE,FALSE,1001,,,,,
639,1,TRUE,FALSE,1001,,,,,
640,1,TRUE,TRUE,640,,,,,
641,6,FALSE,FALSE,1001,,,,,
642,5,FALSE,FALSE,1001,,,,,
643,2,FALSE,FALSE,1001,,,,,
644,1,TRUE,FALSE,1001,,,,,
645,3,FALSE,FALSE,1001,,,,,
646,4,FALSE,FALSE,1001,,,,,
647,2,FALSE,FALSE,1001,,,,,
648,2,FALSE,FALSE,1001,,,,,
649,1,TRUE,FALSE,1001,,,,,
650,4,FALSE,FALSE,1001,,,,,
651,4,FALSE,FALSE,1001,,,,,
652,5,FALSE,FALSE,1001,,,,,
653,4,FALSE,FALSE,1001,,,,,
654,4,FALSE,FALSE,1001,,,,,
655,4,FALSE,FALSE,1001,,,,,
656,3,FALSE,FALSE,1001,,,,,
657,4,FALSE,FALSE,1001,,,,,
658,4,FALSE,FALSE,1001,,,,,
659,3,FALSE,FALSE,1001,,,,,
660,6,FALSE,FALSE,1001,,,,,
661,1,TRUE,FALSE,1001,,,,,
662,1,TRUE,TRUE,662,,,,,
663,1,TRUE,TRUE,663,,,,,
664,6,FALSE,FALSE,1001,,,,,
665,6,FALSE,FALSE,1001,,,,,
666,3,FALSE,FALSE,1001,,,,,
667,6,FALSE,FALSE,1001,,,,,
668,5,FALSE,FALSE,1001,,,,,
669,6,FALSE,FALSE,1001,,,,,
670,4,FALSE,FALSE,1001,,,,,
671,3,FALSE,FALSE,1001,,,,,
672,4,FALSE,FALSE,1001,,,,,
673,1,TRUE,FALSE,1001,,,,,
674,4,FALSE,FALSE,1001,,,,,
675,3,FALSE,FALSE,1001,,,,,
676,4,FALSE,FALSE,1001,,,,,
677,6,FALSE,FALSE,1001,,,,,
678,6,FALSE,FALSE,1001,,,,,
679,3,FALSE,FALSE,1001,,,,,
680,1,TRUE,FALSE,1001,,,,,
681,1,TRUE,TRUE,681,,,,,
682,5,FALSE,FALSE,1001,,,,,
683,3,FALSE,FALSE,1001,,,,,
684,6,FALSE,FALSE,1001,,,,,
685,1,TRUE,FALSE,1001,,,,,
686,3,FALSE,FALSE,1001,,,,,
687,6,FALSE,FALSE,1001,,,,,
688,3,FALSE,FALSE,1001,,,,,
689,4,FALSE,FALSE,1001,,,,,
690,6,FALSE,FALSE,1001,,,,,
691,4,FALSE,FALSE,1001,,,,,
692,2,FALSE,FALSE,1001,,,,,
693,2,FALSE,FALSE,1001,,,,,
694,6,FALSE,FALSE,1001,,,,,
695,5,FALSE,FALSE,1001,,,,,
696,4,FALSE,FALSE,1001,,,,,
697,1,TRUE,FALSE,1001,,,,,
698,6,FALSE,FALSE,1001,,,,,
699,1,TRUE,FALSE,1001,,,,,
700,3,FALSE,FALSE,1001,,,,,
701,1,TRUE,FALSE,1001,,,,,
702,2,FALSE,FALSE,1001,,,,,
703,6,FALSE,FALSE,1001,,,,,
704,5,FALSE,FALSE,1001,,,,,
705,2,FALSE,FALSE,1001,,,,,
706,3,FALSE,FALSE,1001,,,,,
707,1,TRUE,FALSE,1001,,,,,
708,3,FALSE,FALSE,1001,,,,,
709,4,FALSE,FALSE,1001,,,,,
710,6,FALSE,FALSE,1001,,,,,
711,3,FALSE,FALSE,1001,,,,,
712,2,FALSE,FALSE,1001,,,,,
713,4,FALSE,FALSE,1001,,,,,
714,3,FALSE,FALSE,1001,,,,,
715,2,FALSE,FALSE,1001,,,,,
716,1,TRUE,FALSE,1001,,,,,
717,1,TRUE,TRUE,717,,,,,
718,2,FALSE,FALSE,1001,,,,,
719,4,FALSE,FALSE,1001,,,,,
720,5,FALSE,FALSE,1001,,,,,
721,4,FALSE,FALSE,1001,,,,,
722,6,FALSE,FALSE,1001,,,,,
723,6,FALSE,FALSE,1001,,,,,
724,3,FALSE,FALSE,1001,,,,,
725,4,FALSE,FALSE,1001,,,,,
726,1,TRUE,FALSE,1001,,,,,
727,1,TRUE,TRUE,727,,,,,
728,4,FALSE,FALSE,1001,,,,,
729,6,FALSE,FALSE,1001,,,,,
730,5,FALSE,FALSE,1001,,,,,
731,3,FALSE,FALSE,1001,,,,,
732,5,FALSE,FALSE,1001,,,,,
733,5,FALSE,FALSE,1001,,,,,
734,3,FALSE,FALSE,1001,,,,,
735,6,FALSE,FALSE,1001,,,,,
736,1,TRUE,FALSE,1001,,,,,
737,2,FALSE,FALSE,1001,,,,,
738,1,TRUE,FALSE,1001,,,,,
739,6,FALSE,FALSE,1001,,,,,
740,2,FALSE,FALSE,1001,,,,,
741,3,FALSE,FALSE,1001,,,,,
742,3,FALSE,FALSE,1001,,,,,
743,5,FALSE,FALSE,1001,,,,,
744,2,FALSE,FALSE,1001,,,,,
745,5,FALSE,FALSE,1001,,,,,
746,3,FALSE,FALSE,1001,,,,,
747,6,FALSE,FALSE,1001,,,,,
748,4,FALSE,FALSE,1001,,,,,
749,3,FALSE,FALSE,1001,,,,,
750,5,FALSE,FALSE,1001,,,,,
751,3,FALSE,FALSE,1001,,,,,
752,2,FALSE,FALSE,1001,,,,,
753,4,FALSE,FALSE,1001,,,,,
754,6,FALSE,FALSE,1001,,,,,
755,2,FALSE,FALSE,1001,,,,,
756,2,FALSE,FALSE,1001,,,,,
757,1,TRUE,FALSE,1001,,,,,
758,4,FALSE,FALSE,1001,,,,,
759,1,TRUE,FALSE,1001,,,,,
760,6,FALSE,FALSE,1001,,,,,
761,3,FALSE,FALSE,1001,,,,,
762,4,FALSE,FALSE,1001,,,,,
763,1,TRUE,FALSE,1001,,,,,
764,3,FALSE,FALSE,1001,,,,,
765,2,FALSE,FALSE,1001,,,,,
766,3,FALSE,FALSE,1001,,,,,
767,4,FALSE,FALSE,1001,,,,,
768,1,TRUE,FALSE,1001,,,,,
769,3,FALSE,FALSE,1001,,,,,
770,1,TRUE,FALSE,1001,,,,,
771,2,FALSE,FALSE,1001,,,,,
772,2,FALSE,FALSE,1001,,,,,
773,6,FALSE,FALSE,1001,,,,,
774,4,FALSE,FALSE,1001,,,,,
775,4,FALSE,FALSE,1001,,,,,
776,2,FALSE,FALSE,1001,,,,,
777,6,FALSE,FALSE,1001,,,,,
778,2,FALSE,FALSE,1001,,,,,
779,4,FALSE,FALSE,1001,,,,,
780,6,FALSE,FALSE,1001,,,,,
781,3,FALSE,FALSE,1001,,,,,
782,5,FALSE,FALSE,1001,,,,,
783,1,TRUE,FALSE,1001,,,,,
784,5,FALSE,FALSE,1001,,,,,
785,5,FALSE,FALSE,1001,,,,,
786,1,TRUE,FALSE,1001,,,,,
787,6,FALSE,FALSE,1001,,,,,
788,6,FALSE,FALSE,1001,,,,,
789,5,FALSE,FALSE,1001,,,,,
790,4,FALSE,FALSE,1001,,,,,
791,5,FALSE,FALSE,1001,,,,,
792,1,TRUE,FALSE,1001,,,,,
793,3,FALSE,FALSE,1001,,,,,
794,6,FALSE,FALSE,1001,,,,,
795,5,FALSE,FALSE,1001,,,,,
796,3,FALSE,FALSE,1001,,,,,
797,5,FALSE,FALSE,1001,,,,,
798,6,FALSE,FALSE,1001,,,,,
799,2,FALSE,FALSE,1001,,,,,
800,1,TRUE,FALSE,1001,,,,,
801,5,FALSE,FALSE,1001,,,,,
802,3,FALSE,FALSE,1001,,,,,
803,6,FALSE,FALSE,1001,,,,,
804,6,FALSE,FALSE,1001,,,,,
805,2,FALSE,FALSE,1001,,,,,
806,2,FALSE,FALSE,1001,,,,,
807,2,FALSE,FALSE,1001,,,,,
808,1,TRUE,FALSE,1001,,,,,
809,2,FALSE,FALSE,1001,,,,,
810,3,FALSE,FALSE,1001,,,,,
811,4,FALSE,FALSE,1001,,,,,
812,2,FALSE,FALSE,1001,,,,,
813,5,FALSE,FALSE,1001,,,,,
814,5,FALSE,FALSE,1001,,,,,
815,2,FALSE,FALSE,1001,,,,,
816,1,TRUE,FALSE,1001,,,,,
817,5,FALSE,FALSE,1001,,,,,
818,5,FALSE,FALSE,1001,,,,,
819,3,FALSE,FALSE,1001,,,,,
820,2,FALSE,FALSE,1001,,,,,
821,6,FALSE,FALSE,1001,,,,,
822,6,FALSE,FALSE,1001,,,,,
823,1,TRUE,FALSE,1001,,,,,
824,6,FALSE,FALSE,1001,,,,,
825,4,FALSE,FALSE,1001,,,,,
826,1,TRUE,FALSE,1001,,,,,
827,5,FALSE,FALSE,1001,,,,,
828,1,TRUE,FALSE,1001,,,,,
829,5,FALSE,FALSE,1001,,,,,
830,5,FALSE,FALSE,1001,,,,,
831,1,TRUE,FALSE,1001,,,,,
832,3,FALSE,FALSE,1001,,,,,
833,1,TRUE,FALSE,1001,,,,,
834,2,FALSE,FALSE,1001,,,,,
835,1,TRUE,FALSE,1001,,,,,
836,2,FALSE,FALSE,1001,,,,,
837,2,FALSE,FALSE,1001,,,,,
838,3,FALSE,FALSE,1001,,,,,
839,1,TRUE,FALSE,1001,,,,,
840,5,FALSE,FALSE,1001,,,,,
841,4,FALSE,FALSE,1001,,,,,
842,4,FALSE,FALSE,1001,,,,,
843,2,FALSE,FALSE,1001,,,,,
844,6,FALSE,FALSE,1001,,,,,
845,2,FALSE,FALSE,1001,,,,,
846,4,FALSE,FALSE,1001,,,,,
847,2,FALSE,FALSE,1001,,,,,
848,2,FALSE,FALSE,1001,,,,,
849,3,FALSE,FALSE,1001,,,,,
850,1,TRUE,FALSE,1001,,,,,
851,4,FALSE,FALSE,1001,,,,,
852,1,TRUE,FALSE,1001,,,,,
853,4,FALSE,FALSE,1001,,,,,
854,1,TRUE,FALSE,1001,,,,,
855,1,TRUE,TRUE,855,,,,,
856,3,FALSE,FALSE,1001,,,,,
857,6,FALSE,FALSE,1001,,,,,
858,1,TRUE,FALSE,1001,,,,,
859,3,FALSE,FALSE,1001,,,,,
860,5,FALSE,FALSE,1001,,,,,
861,1,TRUE,FALSE,1001,,,,,
862,4,FALSE,FALSE,1001,,,,,
863,4,FALSE,FALSE,1001,,,,,
864,4,FALSE,FALSE,1001,,,,,
865,4,FALSE,FALSE,1001,,,,,
866,3,FALSE,FALSE,1001,,,,,
867,2,FALSE,FALSE,1001,,,,,
868,1,TRUE,FALSE,1001,,,,,
869,2,FALSE,FALSE,1001,,,,,
870,5,FALSE,FALSE,1001,,,,,
871,2,FALSE,FALSE,1001,,,,,
872,1,TRUE,FALSE,1001,,,,,
873,6,FALSE,FALSE,1001,,,,,
874,3,FALSE,FALSE,1001,,,,,
875,1,TRUE,FALSE,1001,,,,,
876,4,FALSE,FALSE,1001,,,,,
877,1,TRUE,FALSE,1001,,,,,
878,1,TRUE,TRUE,878,,,,,
879,6,FALSE,FALSE,1001,,,,,
880,1,TRUE,FALSE,1001,,,,,
881,3,FALSE,FALSE,1001,,,,,
882,3,FALSE,FALSE,1001,,,,,
883,2,FALSE,FALSE,1001,,,,,
884,6,FALSE,FALSE,1001,,,,,
885,4,FALSE,FALSE,1001,,,,,
886,2,FALSE,FALSE,1001,,,,,
887,2,FALSE,FALSE,1001,,,,,
888,2,FALSE,FALSE,1001,,,,,
889,2,FALSE,FALSE,1001,,,,,
890,5,FALSE,FALSE,1001,,,,,
891,3,FALSE,FALSE,1001,,,,,
892,3,FALSE,FALSE,1001,,,,,
893,5,FALSE,FALSE,1001,,,,,
894,4,FALSE,FALSE,1001,,,,,
895,3,FALSE,FALSE,1001,,,,,
896,4,FALSE,FALSE,1001,,,,,
897,2,FALSE,FALSE,1001,,,,,
898,3,FALSE,FALSE,1001,,,,,
899,4,FALSE,FALSE,1001,,,,,
900,2,FALSE,FALSE,1001,,,,,
901,1,TRUE,FALSE,1001,,,,,
902,2,FALSE,FALSE,1001,,,,,
903,2,FALSE,FALSE,1001,,,,,
904,2,FALSE,FALSE,1001,,,,,
905,2,FALSE,FALSE,1001,,,,,
906,2,FALSE,FALSE,1001,,,,,
907,1,TRUE,FALSE,1001,,,,,
908,4,FALSE,FALSE,1001,,,,,
909,5,FALSE,FALSE,1001,,,,,
910,1,TRUE,FALSE,1001,,,,,
911,2,FALSE,FALSE,1001,,,,,
912,6,FALSE,FALSE,1001,,,,,
913,4,FALSE,FALSE,1001,,,,,
914,5,FALSE,FALSE,1001,,,,,
915,6,FALSE,FALSE,1001,,,,,
916,5,FALSE,FALSE,1001,,,,,
917,5,FALSE,FALSE,1001,,,,,
918,2,FALSE,FALSE,1001,,,,,
919,6,FALSE,FALSE,1001,,,,,
920,4,FALSE,FALSE,1001,,,,,
921,3,FALSE,FALSE,1001,,,,,
922,6,FALSE,FALSE,1001,,,,,
923,2,FALSE,FALSE,1001,,,,,
924,6,FALSE,FALSE,1001,,,,,
925,1,TRUE,FALSE,1001,,,,,
926,6,FALSE,FALSE,1001,,,,,
927,6,FALSE,FALSE,1001,,,,,
928,3,FALSE,FALSE,1001,,,,,
929,6,FALSE,FALSE,1001,,,,,
930,4,FALSE,FALSE,1001,,,,,
931,1,TRUE,FALSE,1001,,,,,
932,4,FALSE,FALSE,1001,,,,,
933,1,TRUE,FALSE,1001,,,,,
934,6,FALSE,FALSE,1001,,,,,
935,2,FALSE,FALSE,1001,,,,,
936,6,FALSE,FALSE,1001,,,,,
937,5,FALSE,FALSE,1001,,,,,
938,6,FALSE,FALSE,1001,,,,,
939,1,TRUE,FALSE,1001,,,,,
940,6,FALSE,FALSE,1001,,,,,
941,1,TRUE,FALSE,1001,,,,,
942,6,FALSE,FALSE,1001,,,,,
943,5,FALSE,FALSE,1001,,,,,
944,3,FALSE,FALSE,1001,,,,,
945,5,FALSE,FALSE,1001,,,,,
946,1,TRUE,FALSE,1001,,,,,
947,3,FALSE,FALSE,1001,,,,,
948,3,FALSE,FALSE,1001,,,,,
949,1,TRUE,FALSE,1001,,,,,
950,3,FALSE,FALSE,1001,,,,,
951,6,FALSE,FALSE,1001,,,,,
952,2,FALSE,FALSE,1001,,,,,
953,4,FALSE,FALSE,1001,,,,,
954,4,FALSE,FALSE,1001,,,,,
955,5,FALSE,FALSE,1001,,,,,
956,4,FALSE,FALSE,1001,,,,,
957,1,TRUE,FALSE,1001,,,,,
958,5,FALSE,FALSE,1001,,,,,
959,5,FALSE,FALSE,1001,,,,,
960,5,FALSE,FALSE,1001,,,,,
961,6,FALSE,FALSE,1001,,,,,
962,2,FALSE,FALSE,1001,,,,,
963,2,FALSE,FALSE,1001,,,,,
964,6,FALSE,FALSE,1001,,,,,
965,1,TRUE,FALSE,1001,,,,,
966,3,FALSE,FALSE,1001,,,,,
967,2,FALSE,FALSE,1001,,,,,
968,1,TRUE,FALSE,1001,,,,,
969,4,FALSE,FALSE,1001,,,,,
970,3,FALSE,FALSE,1001,,,,,
971,1,TRUE,FALSE,1001,,,,,
972,5,FALSE,FALSE,1001,,,,,
973,5,FALSE,FALSE,1001,,,,,
974,4,FALSE,FALSE,1001,,,,,
975,1,TRUE,FALSE,1001,,,,,
976,4,FALSE,FALSE,1001,,,,,
977,6,FALSE,FALSE,1001,,,,,
978,5,FALSE,FALSE,1001,,,,,
979,6,FALSE,FALSE,1001,,,,,
980,6,FALSE,FALSE,1001,,,,,
981,1,TRUE,FALSE,1001,,,,,
982,1,TRUE,TRUE,982,,,,,
983,1,TRUE,TRUE,983,,,,,
984,6,FALSE,FALSE,1001,,,,,
985,3,FALSE,FALSE,1001,,,,,
986,3,FALSE,FALSE,1001,,,,,
987,4,FALSE,FALSE,1001,,,,,
988,4,FALSE,FALSE,1001,,,,,
989,3,FALSE,FALSE,1001,,,,,
990,3,FALSE,FALSE,1001,,,,,
991,4,FALSE,FALSE,1001,,,,,
992,5,FALSE,FALSE,1001,,,,,
993,2,FALSE,FALSE,1001,,,,,
994,4,FALSE,FALSE,1001,,,,,
995,1,TRUE,FALSE,1001,,,,,
996,2,FALSE,FALSE,1001,,,,,
997,6,FALSE,FALSE,1001,,,,,
998,1,TRUE,FALSE,1001,,,,,
999,1,TRUE,TRUE,999,,,,,
1000,1,TRUE,TRUE,1000,,,,,
